Word,Frequency
the,45
to,28
of,23
a,20
and,19
in,13
for,12
that,10
its,8
are,8
is,8
it,7
as,5
companies,5
new,5
global,5
day,5
about,5
with,5
has,5
at,5
on,5
us,4
stocks,4
investors,4
technology,4
startup,4
but,4
their,4
market,4
banks,4
central,4
from,3
this,3
they,3
facebooks,3
facebook,3
social,3
media,3
stock,3
by,3
telecom,3
digital,3
bitcoin,3
some,3
be,3
trump,3
billion,3
over,3
federal,2
reserve,2
good,2
can,2
talk,2
growth,2
or,2
mention,2
jobs,2
just,2
people,2
better,2
bad,2
would,2
if,2
said,2
spend,2
may,2
not,2
big,2
while,2
made,2
other,2
investments,2
olympic,2
games,2
getting,2
more,2
much,2
so,2
most,2
gaming,2
helped,2
out,2
meeting,2
clegg,2
back,2
between,2
tech,2
scrutiny,2
months,2
sp,2
500,2
worry,2
obvious,2
no,2
clarida,2
cut,2
rates,2
stress,2
tests,2
since,2
remains,2
bank,2
largest,2
first,2
governor,2
after,2
button,2
mobile,2
million,2
czechs,2
protest,2
autocratic,2
what,2
see,2
cash,2
value,2
money,2
10,2
why,2
middle,2
east,2
peace,2
plan,2
calls,2
50,2
10000,2
say,2
rally,2
antimoneylaundering,2
quad,2
witching,2
management,2
democratic,2
want,2
named,2
fell,1
tuesday,1
weighed,1
commentary,1
officials,1
shares,1
slumped,1
vc,1
daily,1
security,1
robots,1
consumer,1
fund,1
oyo,1
goes,1
when,1
any,1
announces,1
presence,1
world,1
choose,1
anything,1
likesits,1
team,1
metrics,1
theres,1
one,1
thing,1
every,1
ai,1
robotics,1
seems,1
whether,1
press,1
release,1
blog,1
post,1
ceos,1
talking,1
points,1
company,1
doesnt,1
eliminate,1
human,1
helps,1
do,1
thats,1
because,1
pr,1
know,1
result,1
opposite,1
pricey,1
ad,1
impress,1
plans,1
revamp,1
image,1
users,1
giant,1
fortune,1
selling,1
ads,1
own,1
brand,1
pay,1
off,1
competitive,1
advertisers,1
remain,1
advertising,1
goldso,1
exclusive,1
sponsorship,1
deals,1
becoming,1
costlier,1
worlds,1
powerful,1
two,1
men,1
autism,1
1000,1
miles,1
apart,1
was,1
portal,1
friendship,1
shared,1
passion,1
coupled,1
ability,1
communicate,1
without,1
having,1
follow,1
inperson,1
cues,1
bring,1
chris,1
lopes,1
caleb,1
stephens,1
isolation,1
become,1
less,1
afraid,1
fires,1
apples,1
cook,1
senior,1
executive,1
nick,1
took,1
veiled,1
shot,1
apple,1
continuing,1
sniping,1
giants,1
business,1
models,1
under,1
increasing,1
regulators,1
bigger,1
past,1
12,1
russell,1
2000,1
index,1
smallcap,1
lost,1
85,1
compared,1
whose,1
72,1
rise,1
been,1
driven,1
netflix,1
,1
roundup,1
latest,1
talks,1
covering,1
published,1
exclusively,1
dow,1
jones,1
newswires,1
throughout,1
markets,1
record,1
isnt,1
reason,1
reaching,1
fresh,1
high,1
again,1
last,1
week,1
overenthusiastic,1
glance,1
leading,1
there,1
signs,1
exuberance,1
bondyield,1
plunge,1
confounds,1
says,1
fed,1
stands,1
ready,1
ace,1
adjusting,1
sudden,1
drop,1
bond,1
yields,1
spring,1
amid,1
sentiment,1
economy,1
cant,1
break,1
decade,1
tepid,1
expansion,1
generate,1
significant,1
inflation,1
vice,1
chairman,1
richard,1
economic,1
outlook,1
positive,1
prepared,1
needed,1
passed,1
round,1
feds,1
deputy,1
indias,1
resigned,1
six,1
departure,1
previous,1
rides,1
commerce,1
financing,1
facilitates,1
connections,1
apps,1
smoother,1
shopping,1
raised,1
30,1
funding,1
gather,1
drift,1
europe,1
held,1
fall,1
communism,1
hundreds,1
thousands,1
gathered,1
sunday,1
prague,1
try,1
prevent,1
country,1
joining,1
organizers,1
increasingly,1
direction,1
region,1
hawleys,1
idea,1
protect,1
speech,1
i,1
write,1
section,1
230,1
vital,1
free,1
open,1
internet,1
review,1
beyond,1
pioneers,1
were,1
guided,1
philosophical,1
commitments,1
authority,1
sovereignty,1
libra,1
license,1
print,1
bunch,1
have,1
agreed,1
pony,1
up,1
each,1
take,1
part,1
easy,1
reasonablesounding,1
assumptions,1
takeup,1
could,1
insanely,1
profitable,1
real,1
too,1
investment,1
administrations,1
marshal,1
years,1
palestinian,1
territories,1
neighbors,1
blueprint,1
makes,1
difficult,1
issues,1
conflict,1
above,1
different,1
rose,1
time,1
year,1
riding,1
wave,1
optimism,1
future,1
currencies,1
watchdog,1
stronger,1
cryptocurrency,1
regulations,1
standard,1
setter,1
laws,1
called,1
countries,1
apply,1
virtual,1
currency,1
firms,1
transfer,1
customer,1
funds,1
trading,1
volume,1
soars,1
traders,1
had,1
busy,1
friday,1
marked,1
quarterly,1
collision,1
call,1
paypals,1
drops,1
move,1
potential,1
increased,1
competition,1
payments,1
space,1
wasnt,1
enough,1
end,1
paypal,1
holdingss,1
shakeup,1
might,1
oil,1
defense,1
sanctions,1
strait,1
hormuz,1
volatile,1
many,1
products,1
americans,1
love,1
china,1
change,1
xi,1
whats,1
stake,1
g20,1
how,1
voters,1
improve,1
democracy,1
polls,1
changing,1
party,1
abbvie,1
strikes,1
deal,1
acquire,1
allergan,1
63,1
dont,1
your,1
school,1
confederate,1
general,1
find,1
someone,1
else,1
lee,1
leader,1
americas,1
fracking,1
boom,1
second,1
thoughts,1
wait,1
where,1
did,1
our,1
hire,1
go,1
carriers,1
attacked,1
suspected,1
chinese,1
hackers,1
